product_name,product_brand
"Mushroom - Oyster, Fresh",Npath
Pur Value,Mita
Muffin Batt - Choc Chk,Yabox
Yucca,Divape
Oneshot Automatic Soap System,Yodel
Foil Wrap,Flipbug
Squid - U - 10 Thailand,Topicblab
Beer - True North Strong Ale,Oyope
Chocolate - Chips Compound,Jabbersphere
"Yogurt - Raspberry, 175 Gr",Skilith
Salt - Sea,Pixonyx
Puff Pastry - Slab,Oodoo
"Cheese - Cheddar, Old White",Avamba
Pepper - Cayenne,Abata
Flour - Strong Pizza,Thoughtsphere
Potatoes - Mini White 3 Oz,Thoughtbeat
Black Currants,Divavu
"Pork - Sausage, Medium",Brainlounge
Carbonated Water - Raspberry,Pixoboo
"Veal - Brisket, Provimi, Bone - In",Livetube
"Bread - Bagels, Mini",Kanoodle
Cornstarch,Skyba
Bread - Olive,Rhyloo
Strawberries - California,Browsebug
Oil - Shortening - All - Purpose,Blognation
Salmon Steak - Cohoe 8 Oz,Yacero
Energy Drink Bawls,Agimba
Veal - Provimi Inside,Oyoyo
"Mustard - Dry, Powder",Yotz
Muffin Hinge Container 6,Brightdog
Wine - Rosso Toscano Igt,Npath
Carrots - Jumbo,Centidel
"Beef - Bones, Cut - Up",Dabjam
Truffle Cups Green,Zazio
Mangoes,Quire
Extract - Almond,Skalith
Guinea Fowl,Dabtype
Cheese - Perron Cheddar,Babblestorm
Onions - Red,Flipbug
Glycerine,Skynoodle
Piping - Bags Quizna,Rhynoodle
Steam Pan Full Lid,Tekfly
Chicken Giblets,Camimbo
Bok Choy - Baby,Vidoo
Beef - Flank Steak,Edgepulse
Bread Crumbs - Panko,Trilith
Soup - Boston Clam Chowder,Einti
"Turkey - Breast, Smoked",Yodel
Oil - Margarine,Oloo
Chips - Doritos,Kwinu
Vinegar - Champagne,Browsezoom
Snapple Lemon Tea,Skilith
"Beef - Rib Roast, Capless",Photolist
Lighter - Bbq,Rhycero
Bar Mix - Lemon,Jabbertype
"Pepper - Green, Chili",Ntags
Bread Base - Gold Formel,Tagtune
Pork - Bones,Eamia
Cake Sheet Combo Party Pack,Bluezoom
Butter Sweet,Podcat
Container - Clear 32 Oz,DabZ
Water - Perrier,Skynoodle
Mustard - Seed,Skiptube
Kiwi,Zoomdog
"Rum - Spiced, Captain Morgan",Avamba
Shiratamako - Rice Flour,Katz
Cheese - Gouda,Buzzster
Shrimp - Black Tiger 8 - 12,Chatterbridge
Sambuca Cream,Skaboo
Vol Au Vents,Flashpoint
"Salmon - Atlantic, No Skin",Youfeed
Calypso - Pineapple Passion,Photolist
Cheese - Gorgonzola,Blogspan
Sobe - Liz Blizz,Bluejam
Alize Gold Passion,Eadel
Lid - 3oz Med Rec,Innojam
Salt - Celery,Topdrive
Beef - Top Butt Aaa,Linkbuzz
Octopus,Meevee
"Tendrils - Baby Pea, Organic",Wikizz
Tart - Raisin And Pecan,Quaxo
Banana - Green,Aimbu
Napkin Colour,Devpulse
Vinegar - Balsamic,Feedbug
Corn Syrup,Gabvine
Bread Base - Italian,Voomm
Beef - Inside Round,Avamba
Magnotta - Bel Paese White,Janyx
Cheese - Comte,Meevee
Banana Turning,Nlounge
Dc - Frozen Momji,Devpulse
Gelatine Leaves - Envelopes,Jabbercube
Soupfoamcont12oz 112con,Chatterpoint
Wine - Prem Select Charddonany,Brainlounge
"Cheese - Romano, Grated",Oyoba
Potatoes - Pei 10 Oz,Devpoint
"Pepper - White, Whole",Feedbug
Tahini Paste,Vimbo
Gatorade - Lemon Lime,Wikido
"Wine - Red, Wolf Blass, Yellow",Innojam
Smoked Paprika,Jaxspan
Beets - Golden,Quinu
Wine - White Cab Sauv.on,Oyope
Horseradish Root,Jaxspan
Gatorade - Fruit Punch,Dynabox
Currants,Kwimbee
Longos - Grilled Veg Sandwiches,Mita
Appetizer - Escargot Puff,Flashpoint
Pork - Bones,Flashpoint
Ecolab - Medallion,Gabtune
"Nut - Walnut, Pieces",Dabshots
Orange Roughy 6/8 Oz,Thoughtblab
Containter - 3oz Microwave Rect.,Voomm
Veal - Sweetbread,Mynte
Shallots,Feedmix
Lychee,Realfire
Scallops - 20/30,Feedbug
Glass Clear 8 Oz,Jaxspan
Tuna - Loin,Shufflebeat
Kellogs Raisan Bran Bars,Zoonoodle
Beets - Pickled,Kanoodle
Garbage Bag - Clear,Divanoodle
Pernod,Wordtune
Crab - Meat,Gabvine
Mints - Striped Red,Divape
Milk - Skim,Oloo
Veal - Eye Of Round,Edgepulse
Wine - Muscadet Sur Lie,Devshare
Squash - Pepper,Divape
"Tendrils - Baby Pea, Organic",Blogtag
"Lettuce - Romaine, Heart",Meevee
"Beans - Turtle, Black, Dry",Rhyzio
Rice Paper,Bubblebox
Pop - Club Soda Can,Leexo
Muffin - Mix - Bran And Maple 15l,Twitterbridge
Shopper Bag - S - 4,Twinte
Wine - Niagara Peninsula Vqa,Thoughtsphere
"Salmon - Atlantic, No Skin",Vinte
Parsley Italian - Fresh,Yata
Green Scrubbie Pad H.duty,Kwideo
Beef Flat Iron Steak,Kazu
Flour - Fast / Rapid,Gevee
Plasticspoonblack,Fiveclub
"Water - Mineral, Natural",Divavu
Tray - 16in Rnd Blk,Linktype
Mayonnaise - Individual Pkg,Flashpoint
Edible Flower - Mixed,Browseblab
Ice Cream - Super Sandwich,Tagtune
Cheese - Comte,Wikivu
Table Cloth 91x91 Colour,Viva
Sauce - Marinara,Gevee
"Jam - Marmalade, Orange",Browsetype
Sobe - Green Tea,Ailane
English Muffin,Mynte
Tandoori Curry Paste,Dabvine
French Pastries,Zoombeat
"Pork - Back, Long Cut, Boneless",Livefish
Red Pepper Paste,Fiveclub
Chocolate - Liqueur Cups With Foil,Photospace
Chocolate - Unsweetened,Reallinks
Soup - Campbells Asian Noodle,Flashdog
Figs,Skinix
"Nut - Chestnuts, Whole",Brightbean
Energy Drink Red Bull,Mymm
Godiva White Chocolate,Yoveo
Lamb - Whole Head Off,Bubbletube
Pepper - Jalapeno,Twitternation
"Cookies - Oreo, 4 Pack",Wikizz
Fennel - Seeds,Tagchat
Pork - Hock And Feet Attached,Quire
Daves Island Stinger,Dablist
Cheese - La Sauvagine,Geba
Oil - Hazelnut,Tazzy
Wine - Blue Nun Qualitatswein,Wordpedia
"Veal - Insides, Grains",Vipe
Sugar - Cubes,Twiyo
Bread - Pita,Buzzbean
Pork - Bones,Realblab
Gherkin - Sour,Chatterbridge
Tilapia - Fillets,Twinder
Bread - Granary Small Pull,Ainyx
"Wine - Red, Antinori Santa",Oyondu
Bread - Mini Hamburger Bun,Thoughtsphere
Beef Dry Aged Tenderloin Aaa,Eidel
Whmis - Spray Bottle Trigger,Digitube
Mayonnaise - Individual Pkg,Latz
Sour Puss - Tangerine,Einti
"Wine - Red, Lurton Merlot De",Kwideo
Sugar - Crumb,Meeveo
Rabbit - Legs,Photospace
Bandage - Finger Cots,Pixope
The Pop Shoppe Pinapple,Meetz
Steam Pan - Half Size Deep,Twitterworks
Apple - Granny Smith,Voomm
Pie Box - Cello Window 2.5,Twinder
"Beef - Rib Roast, Cap On",Mudo
"Soup - Knorr, Chicken Gumbo",Eadel
Goldschalger,Roombo
"Chilli Paste, Sambal Oelek",Youopia
Gelatine Leaves - Bulk,Skinix
Slt - Individual Portions,Tagcat
Parsley - Fresh,Quinu
Compound - Raspberry,Jazzy
Beef - Striploin Aa,Roombo
Beans - Fine,Browsebug
Cookies - Fortune,Brainsphere
Foie Gras,Tanoodle
Pastry - Banana Muffin - Mini,Leenti
Vinegar - White,Realmix
"Bread - Rolls, Corn",Shufflester
Wine - Savigny - Les - Beaune,Edgewire
"Ecolab - Orange Frc, Cleaner",Brainsphere
Red Pepper Paste,Kwinu
Trueblue - Blueberry Cranberry,Quatz
Venison - Denver Leg Boneless,Miboo
Bread - Pain Au Liat X12,Teklist
"Lid - Translucent, 3.5 And 6 Oz",Innotype
Mustard - Dijon,Edgewire
Soup Campbells Beef With Veg,Rhynyx
Yokaline,Gabtune
Cranberries - Frozen,Aimbo
Mussels - Frozen,Snaptags
Calypso - Strawberry Lemonade,Jabbercube
Crackers - Water,Voonte
Bols Melon Liqueur,Rhycero
Blackberries,Skilith
Rye Special Old,Dabfeed
Cheese - Swiss Sliced,Devshare
Neckerchief Blck,Meezzy
"Schnappes - Peach, Walkers",Jayo
Celery Root,Skidoo
Cleaner - Lime Away,Myworks
Broom And Broom Rack White,Wordtune
Jagermeister,Zoombeat
"Tart Shells - Savory, 3",Roodel
Cake - Bande Of Fruit,Feedmix
Bowl 12 Oz - Showcase 92012,Photofeed
Sobe - Orange Carrot,Devbug
"Tuna - Canned, Flaked, Light",Blogtag
Seedlings - Clamshell,Wikizz
Jagermeister,Blogtags
Water - Spring 1.5lit,Linkbridge
Duck - Fat,Yakidoo
"Wine - Magnotta, Merlot Sr Vqa",Devshare
Lemons,Ntag
Goldschalger,Camido
Arizona - Plum Green Tea,Gabtune
Pizza Pizza Dough,Roodel
Chinese Foods - Chicken,Yodo
Juice - Prune,Gabspot
Onions - Red,Tazzy
Soap - Mr.clean Floor Soap,Mycat
Kahlua,Zoomzone
"Beef - Kindney, Whole",Layo
Mushroom - Lg - Cello,Yamia
Spice - Greek 1 Step,Kwinu
"Beef - Chuck, Boneless",Thoughtmix
"Soup - Knorr, Ministrone",Brainbox
Capers - Ox Eye Daisy,Rhynoodle
Taro Root,Rhynoodle
Beer - Mill St Organic,Zoozzy
Apricots Fresh,Dabtype
"Coke - Classic, 355 Ml",Plambee
"Onions - Dried, Chopped",Mydeo
"Bread - Pita, Mini",Livetube
Shrimp - Black Tiger 13/15,Topiclounge
"Juice - Apple, 500 Ml",Wordware
Pastry - Cheese Baked Scones,Browsetype
Whmis - Spray Bottle Trigger,Mita
"Quail - Whole, Bone - In",Chatterbridge
Rosemary - Dry,Dynabox
Chocolate - Milk Coating,Voolith
Table Cloth 53x69 White,Feedspan
Soup - Campbells Mac N Cheese,Trupe
"Beef - Tongue, Fresh",Oyondu
"Clams - Littleneck, Whole",Rhycero
Island Oasis - Raspberry,Oyonder
"Soup - Campbells, Lentil",Zoomcast
"Mushroom - Porcini, Dry",Feednation
Blouse / Shirt / Sweater,Topdrive
"Yogurt - Strawberry, 175 Gr",Linklinks
"Syrup - Monin, Swiss Choclate",Quatz
Ham - Cooked Bayonne Tinned,Oyoloo
Coffee - Irish Cream,Yozio
Bread Ww Cluster,Dabfeed
"Olives - Green, Pitted",Photojam
General Purpose Trigger,Oloo
Mushroom - Portebello,Dabshots
Beer - Paulaner Hefeweisse,Avavee
Parsley - Fresh,Kare
Cookie - Oreo 100x2,Abatz
"Soup - Beef Conomme, Dry",Digitube
"Soup - Knorr, Chicken Noodle",Tagchat
"Wine - Sherry Dry Sack, William",Yodel
Sugar Thermometer,Shuffledrive
"Pepsi, 355 Ml",Yata
Muffin - Bran Ind Wrpd,Dabjam
Lumpfish Black,Photojam
Eel Fresh,JumpXS
Cornish Hen,Riffpath
"Wine - White, Schroder And Schyl",Skinder
Bacardi Limon,Roomm
Piping Jelly - All Colours,Podcat
Butter Sweet,Geba
"Mushroom - Enoki, Fresh",Dynabox
Red Currant Jelly,Meembee
Hipnotiq Liquor,Topiclounge
"Bag - Bread, White, Plain",Linklinks
"Sole - Dover, Whole, Fresh",Gabspot
"Artichoke - Bottom, Canned",Dynazzy
"Appetizer - Mini Egg Roll, Shrimp",Mydo
Praline Paste,Shuffletag
V8 Splash Strawberry Kiwi,Zoomdog
"Turkey - Breast, Boneless Sk On",Bluezoom
Ham Black Forest,Pixope
Sauce - Vodka Blush,Omba
Wine - German Riesling,Jamia
Foam Cup 6 Oz,Voolia
Sprouts Dikon,Lazzy
Ginger - Crystalized,Tagchat
"Mushroom - Enoki, Fresh",Jayo
Clementine,Vitz
"Lemonade - Mandarin, 591 Ml",Skalith
Sauce - Rosee,Skaboo
Liquid Aminios Acid - Braggs,Gabtune
Bouq All Italian - Primerba,Skibox
"Quail - Whole, Bone - In",Babblestorm
"Crush - Grape, 355 Ml",Dynava
"Pasta - Linguini, Dry",Devcast
Truffle - Peelings,Skivee
Wine - Chianti Classico Riserva,Gigazoom
Beef - Striploin Aa,Meemm
Fiddlehead - Frozen,Livetube
Sultanas,Kamba
Scrubbie - Scotchbrite Hand Pad,Skajo
"Trout - Rainbow, Frozen",Bubbletube
Cranberry Foccacia,Avavee
"Pail - 4l White, With Handle",Feedspan
Bread - Burger,Eabox
Turkey - Ground. Lean,Babbleopia
"Cheese - Havarti, Roasted Garlic",Photospace
Rabbit - Whole,Jaxworks
Pastry - Mini French Pastries,Jabberstorm
Glucose,Eimbee
Hipnotiq Liquor,Brainlounge
Cookie Choc,Oyoyo
Glass Clear 8 Oz,Mynte
Brandy Cherry - Mcguinness,Zooveo
Yoghurt Tubes,Oodoo
Petit Baguette,Flipopia
Soup - Campbells Mac N Cheese,Brightbean
"Artichokes - Knobless, White",Abata
Sage Derby,Topdrive
Compound - Pear,Feedfish
Ice Cream Bar - Oreo Sandwich,Innotype
Wine - Sogrape Mateus Rose,Gabvine
Juice - Lemon,Viva
"Lamb - Whole, Fresh",Vinte
Pastry - Baked Scones - Mini,Chatterpoint
Juice - Orangina,Topiczoom
"Nut - Chestnuts, Whole",Shufflebeat
Squash - Pepper,Buzzster
Icecream Bar - Del Monte,Feednation
White Fish - Filets,Plajo
Radish,Flipbug
"Lamb - Leg, Boneless",Demizz
Squash - Acorn,Jabberstorm
"Cheese - Havarti, Roasted Garlic",Edgewire
Wine - Guy Sage Touraine,Quire
Oats Large Flake,Brainbox
Island Oasis - Banana Daiquiri,Voonix
"Crab - Claws, 26 - 30",Photojam
Tea Leaves - Oolong,LiveZ
Cocoa Feuilletine,Zoombox
"Wine - Niagara,vqa Reisling",Wordify
"Lettuce - Romaine, Heart",Thoughtstorm
Chocolate - Dark Callets,Oloo
Coffee Beans - Chocolate,Jabberstorm
Milk Powder,Bubbletube
"Fish - Halibut, Cold Smoked",Voonyx
Plate Pie Foil,Jaxworks
Water - Spring 1.5lit,Yozio
Chicken - Soup Base,Topicshots
Pickles - Gherkins,Skiba
"Beans - Black Bean, Dry",Eidel
Garlic Powder,Browsecat
"Juice - Apple, 341 Ml",Realpoint
Mcgillicuddy Vanilla Schnap,Gigashots
Tomatoes - Grape,Babbleblab
Strawberries - California,Leenti
Parsley - Dried,Edgeblab
Container - Foam Dixie 12 Oz,Agivu
Bag Clear 10 Lb,Realbridge
"Pasta - Cappellini, Dry",Skivee
Rice - Brown,Tekfly
Oil - Olive,Youopia
Water - Perrier,Yata
Lamb Leg - Bone - In Nz,Yoveo
Juice - Apple 284ml,Leexo
Anchovy Paste - 56 G Tube,Brainverse
Sloe Gin - Mcguinness,Oyope
"7up Diet, 355 Ml",Realcube
Pork - Backs - Boneless,Wordtune
Wine - Periguita Fonseca,Jayo
Wine - Rioja Campo Viejo,Quamba
Cheese - Grana Padano,Thoughtstorm
Pie Box - Cello Window 2.5,Brightdog
Lettuce - Belgian Endive,Mycat
Wine - Jaboulet Cotes Du Rhone,Quimba
Bread - Petit Baguette,Youopia
Wine - Clavet Saint Emilion,Skyble
Shrimp - Black Tiger 13/15,Jabberbean
Fish - Bones,Shuffledrive
Galliano,Photojam
Pike - Frozen Fillet,DabZ
"Olives - Green, Pitted",Trudeo
Pork - Shoulder,Devshare
Bagelers - Cinn / Brown,Tagcat
Bagelers,Tagcat
Wine - Malbec Trapiche Reserve,Thoughtblab
Blackberries,Meezzy
"Roe - Lump Fish, Red",Meezzy
Ham - Cooked,Skinix
"Wine - Bourgogne 2002, La",Vinte
"Soup - Knorr, Ministrone",Yakitri
Brandy Cherry - Mcguinness,Devcast
Bread - Assorted Rolls,Browsetype
Pork - Ground,Leenti
"Cheese - Romano, Grated",Ooba
Campari,Flashset
"Rum - Coconut, Malibu",Trudoo
Herb Du Provence - Primerba,Linkbuzz
Icecream Bar - Del Monte,Yotz
"Soup - Beef Conomme, Dry",Thoughtsphere
Icecream Bar - Del Monte,Babbleset
"Stock - Chicken, White",Devcast
Jolt Cola,Livetube
"Mushroom - Morels, Dry",Photojam
Tart - Butter Plain Squares,Dynabox
Chicken - Livers,Kwinu
Butter Balls Salted,Brightbean
Egg Patty Fried,Flashpoint
Ecolab - Ster Bac,Skilith
Horseradish - Prepared,Digitube
Pate - Liver,Flipstorm
Lobster - Canned Premium,Wikivu
Mushroom - White Button,Meevee
Bananas,Shuffledrive
Dc Hikiage Hira Huba,Twimm
"Sauce - Soya, Dark",Eimbee
Longos - Cheese Tortellini,Abata
"Wine - Cahors Ac 2000, Clos",Zoonoodle
Puff Pastry - Slab,Trilia
Chick Peas - Canned,Reallinks
Chutney Sauce - Mango,Eidel
"Soup - Knorr, Country Bean",Meetz
Lime Cordial - Roses,Fivespan
Frangelico,Realcube
Beer - Tetleys,Eayo
Coffee - Irish Cream,Flipbug
Muffin Batt - Choc Chk,Meeveo
Pear - Asian,Eare
Coffee - Hazelnut Cream,Camimbo
"Bread - Crumbs, Bulk",Blogpad
Waffle Stix,Fadeo
Vinegar - White Wine,Quimm
"Beef - Roasted, Cooked",Thoughtworks
Beef Striploin Aaa,Eidel
Wine - Crozes Hermitage E.,Yotz
Turkey Leg With Drum And Thigh,Quaxo
Tilapia - Fillets,Izio
"Vermacelli - Sprinkles, Assorted",Muxo
Steampan - Lid For Half Size,Zazio
Beer - Camerons Auburn,Teklist
"Pasta - Lasagne, Fresh",Muxo
Beans - Fava Fresh,Plambee
Appetizer - Escargot Puff,Trupe
Appetizer - Southwestern,Mydo
Flavouring - Orange,Jabbersphere
Puree - Pear,Zoombeat
Lid Coffeecup 12oz D9542b,Riffpath
Beef - Striploin Aa,Jamia
Water - Spring Water 500ml,Babbleset
"Stock - Beef, Brown",Rhycero
Cod - Fillets,Youspan
Lid - 0090 Clear,Kwinu
Veal - Eye Of Round,Chatterpoint
"Yogurt - Strawberry, 175 Gr",Zoombeat
Pie Filling - Apple,Camido
Muffin Hinge Container 6,Pixonyx
Wine - Taylors Reserve,Trilia
Mushroom - Crimini,Fiveclub
Soup - Cream Of Potato / Leek,Wikivu
"Pepper - Paprika, Spanish",Quamba
Soup - Tomato Mush. Florentine,Quatz
Sugar - Invert,Youopia
Puree - Passion Fruit,Voolia
Tomato - Tricolor Cherry,Npath
Pectin,Jabbertype
Butter - Pod,Fivespan
Napkin White - Starched,Blogtags
Tomatoes - Grape,Twimbo
Broom And Broom Rack White,Trunyx
Milk - Chocolate 250 Ml,Yotz
Chocolate Bar - Reese Pieces,Camido
Ginger - Ground,Linkbridge
Onions - Green,Eare
Bar Special K,Ainyx
Squid Ink,Babbleset
Star Fruit,Dablist
Creme De Cacao Mcguines,Kaymbo
Ginsing - Fresh,Youopia
Sage - Rubbed,Avavee
Blue Curacao - Marie Brizard,Tavu
Cocoa Powder - Natural,Kwideo
Tuna - Bluefin,Ooba
"Salsify, Organic",Thoughtbridge
Cheese - Wine,Yodoo
Mini - Vol Au Vents,Youspan
Graham Cracker Mix,Kwinu
Muffin Hinge - 211n,Youspan
Smoked Paprika,Zoombeat
Paper Towel Touchless,Trilith
Strawberries,Zooxo
"Artichokes - Knobless, White",Rhyloo
Bread - Italian Sesame Poly,Avavee
Bag - Clear 7 Lb,Browseblab
"Soup - Campbells, Chix Gumbo",Kwimbee
Chocolate Liqueur - Godet White,Ntags
Cream Of Tartar,Kamba
"Juice - Pineapple, 341 Ml",Vipe
Slt - Individual Portions,Zoomzone
"Doilies - 8, Paper",Topicstorm
Wine - Magnotta - Belpaese,Layo
Beef - Cow Feet Split,Jayo
Lamb - Shoulder,Zoovu
Bread - Hamburger Buns,Shufflebeat
Flower - Daisies,Blogspan
Pie Filling - Apple,Blognation
Veal - Insides Provini,Cogidoo
"Wine - White, Pinot Grigio",Divavu
Pineapple - Golden,Quaxo
Spice - Onion Powder Granulated,Jabberbean
Peach - Fresh,Skimia
"Soup - Knorr, Ministrone",Shufflebeat
Pan Grease,Kare
"Pail - 4l White, With Handle",Edgetag
Ecolab Digiclean Mild Fm,Skinix
Wine - Penfolds Koonuga Hill,Edgepulse
Cookie Chocolate Chip With,Twimm
"Pasta - Shells, Medium, Dry",Ailane
Lid - 3oz Med Rec,Wordify
Puff Pastry - Slab,Realbuzz
Apple - Custard,Yata
Lamb - Sausage Casings,Eabox
Cheese - Shred Cheddar / Mozza,LiveZ
Table Cloth 62x120 Colour,Lajo
"Pepper - White, Whole",Voonder
Creme De Cacao White,Dynabox
"Quail - Whole, Bone - In",Photobug
Flower - Commercial Spider,Jaxbean
Smirnoff Green Apple Twist,Realbridge
Potatoes - Idaho 100 Count,Photofeed
Honey - Comb,Ainyx
Pork - Backfat,Tazz
"Nut - Almond, Blanched, Ground",Katz
Steamers White,Youspan
"Lamb - Whole Head Off,nz",Meezzy
Cod - Black Whole Fillet,Dynazzy
Creme De Menthe Green,Fliptune
Mace Ground,Twimbo
Radish - Pickled,Feedfire
"Beans - Black Bean, Canned",Ntags
"Artichoke - Bottom, Canned",Tagtune
Cranberries - Dry,Topdrive
Sauce - Chili,Browsedrive
Appetiser - Bought,Eazzy
Cleaner - Pine Sol,Meeveo
Raisin - Golden,Babbleset
Bag - Clear 7 Lb,Livetube
Coffee Beans - Chocolate,Bluezoom
Veal - Leg,Flipbug
Scotch - Queen Anne,Zooveo
Plasticforkblack,Kare
Lettuce - Iceberg,Photolist
Canada Dry,Rhynyx
Chicken - Ground,Skidoo
"Asparagus - Green, Fresh",Oyoba
Muffin - Mix - Mango Sour Cherry,Yadel
"Brocolinni - Gaylan, Chinese",Fliptune
Creamers - 10%,Dynazzy
Wine - Sake,Flipbug
Soup - Campbells Pasta Fagioli,Topiclounge
Potatoes - Peeled,Oyoloo
Cheese - Cheddar With Claret,Tagchat
Squid - U - 10 Thailand,Digitube
Container Clear 8 Oz,Twitterbridge
Temperature Recording Station,Oyoloo
Salt - Table,Aimbu
Crawfish,Wordpedia
Wine - Cotes Du Rhone Parallele,Tagtune
Cleaner - Pine Sol,Einti
Wine - Acient Coast Caberne,Topicblab
Nori Sea Weed,Skinix
Coffee - Decaffeinato Coffee,Oyoyo
Tomato - Peeled Italian Canned,Feedfish
"Nut - Hazelnut, Ground, Natural",Skinder
Soup - Campbellschix Stew,Flashspan
"Soup - Cream Of Broccoli, Dry",Wikibox
Cake - Bande Of Fruit,Thoughtbridge
Pur Source,Abata
Mousse - Passion Fruit,Centidel
Soup Campbells,Tagtune
Beef - Ox Tongue,Skilith
Pumpkin - Seed,Flipbug
Buttons,Topicblab
Soup Campbells,Dynazzy
Pork Loin Cutlets,Yadel
Chocolate Liqueur - Godet White,Babbleset
Contreau,Katz
Muffin Mix - Carrot,Riffwire
Longos - Greek Salad,Kwimbee
Eggwhite Frozen,Livepath
"Tarragon - Primerba, Paste",Youspan
"Syrup - Monin, Amaretta",Yata
Carbonated Water - Raspberry,Wordify
Alize Sunset,Meevee
Venison - Denver Leg Boneless,Flashset
Muffin - Banana Nut Individual,Zoomdog
Squash - Guords,Livetube
Mushrooms - Honey,Jabberstorm
Cookie Dough - Chunky,Photobean
"Stock - Beef, White",Snaptags
Bread - Sour Batard,Wikizz
Barramundi,Skiba
Trueblue - Blueberry 12x473ml,Yodel
Beer - Camerons Cream Ale,Browsebug
Soup - Campbellschix Stew,Wikibox
Smoked Paprika,Dabfeed
Wine - Casillero Deldiablo,Tagtune
"Lamb - Shoulder, Boneless",Twimm
Salmon - Fillets,Jabberbean
Rabbit - Legs,Bluezoom
Liners - Baking Cups,Thoughtstorm
Sprouts - Onion,Yacero
Banana,Wikivu
Strawberries - California,Skippad
Filling - Mince Meat,Wordify
Petite Baguette,Quimm
Beer - Sleeman Fine Porter,Flipopia
"Salmon - Whole, 4 - 6 Pounds",Oyoba
Mushroom Morel Fresh,Dynava
"Cup - 3.5oz, Foam",Skyndu
Wine - Fino Tio Pepe Gonzalez,Thoughtworks
"Pasta - Lasagne, Fresh",Gabspot
"Pepper - Black, Ground",Yacero
Pork - Kidney,Mita
Cocoa Powder - Dutched,Camido
Heavy Duty Dust Pan,Twitternation
"Oil - Olive, Extra Virgin",Browsecat
Table Cloth 62x120 White,Fatz
Sprite - 355 Ml,Wordpedia
Coriander - Seed,Dynabox
Myers Planters Punch,Livepath
Muffin - Mix - Strawberry Rhubarb,Leexo
Lamb - Sausage Casings,Trupe
Bread - Italian Corn Meal Poly,Tagopia
Soup - Campbells - Chicken Noodle,Linklinks
Bacardi Breezer - Strawberry,Zoozzy
"Chicken - Leg, Boneless",Photolist
Sauce - Mint,Demizz
Butter - Unsalted,Photobean
Wine - Manischewitz Concord,Dynava
Island Oasis - Strawberry,Thoughtworks
"Quail - Eggs, Fresh",Wikivu
Sobe - Orange Carrot,Devbug
"Pepsi - Diet, 355 Ml",Skynoodle
"Juice - Grapefruit, 341 Ml",Twitternation
Muffin - Mix - Bran And Maple 15l,Pixoboo
"Veal - Leg, Provimi - 50 Lb Max",Oloo
Bowl 12 Oz - Showcase 92012,Blogpad
Sterno - Chafing Dish Fuel,Cogidoo
"Crab - Blue, Frozen",Tagchat
Muffin Carrot - Individual,Topdrive
Beer - Sleeman Fine Porter,Centizu
Nantucket Apple Juice,Shufflester
Flour - All Purpose,Livetube
Puree - Mango,Divavu
Cheese - Marble,Abatz
Peas - Frozen,Brightdog
Cut Wakame - Hanawakaba,Agivu
"Wine - Magnotta, White",Wordify
Bandage - Flexible Neon,Fivespan
Steampan - Foil,Roodel
Beer - Camerons Auburn,Wikido
"Sprite, Diet - 355ml",Jaxworks
Macaroons - Two Bite Choc,Realbuzz
"Stock - Chicken, White",Shuffledrive
Container - Hngd Cll Blk 7x7x3,Flashdog
Nori Sea Weed - Gold Label,Fivebridge
Chocolate Bar - Oh Henry,Agimba
"Soup - French Onion, Dry",Feedmix
"Syrup - Monin, Amaretta",Yotz
Ecolab Silver Fusion,Fatz
Puree - Kiwi,Pixonyx
"Stock - Beef, White",Janyx
Food Colouring - Pink,Vinder
Calvados - Boulard,Dabshots
Jam - Apricot,Quinu
"Cheese - Romano, Grated",Rhyzio
"Loaf Pan - 2 Lb, Foil",Gigashots
Filter - Coffee,Dynabox
Beans - French,Edgeblab
"Chocolate - Pistoles, White",Abatz
Bread - Burger,Skyvu
Energy Drink,Realpoint
"Tabasco Sauce, 2 Oz",Quimm
Ostrich - Prime Cut,Skipfire
"Soup - Campbells, Chix Gumbo",Vinte
Pork - Backs - Boneless,Edgewire
Pasta - Orecchiette,Bluejam
Amaretto,Thoughtsphere
Myers Planters Punch,Riffpedia
Fenngreek Seed,Fivechat
Beef Cheek Fresh,Zava
Bread - Corn Muffaleta Onion,Thoughtstorm
Pecan Raisin - Tarts,Mudo
Dc Hikiage Hira Huba,Jayo
Lid Coffeecup 12oz D9542b,Shuffledrive
Wine - Sawmill Creek Autumn,Mynte
Vegetable - Base,Aibox
Wine - Fino Tio Pepe Gonzalez,Yakidoo
Rhubarb,Yombu
Pastry - Mini French Pastries,Topicshots
Rice - Aborio,Gigaclub
Pear - Asian,Divavu
Wine - Semi Dry Riesling Vineland,Avaveo
Sauce - Thousand Island,Zooxo
Bread Base - Italian,Skajo
Flower - Commercial Spider,Mynte
Pastry - French Mini Assorted,Skipfire
"Pasta - Lasagna Noodle, Frozen",Photospace
Table Cloth 62x120 White,Dablist
Wine - Chateauneuf Du Pape,Trilith
"Beef - Roasted, Cooked",Skinte
Flavouring - Orange,Einti
Bacardi Breezer - Strawberry,Pixonyx
Leeks - Large,LiveZ
Turnip - White,Eadel
Coffee - Ristretto Coffee Capsule,Yodoo
Pectin,Rhynoodle
Lid - 0090 Clear,Wikizz
Plastic Arrow Stir Stick,Janyx
Bread - French Baquette,Flashspan
Carbonated Water - White Grape,Brightbean
"Flour - Bran, Red",Flashpoint
Apples - Spartan,Ainyx
"Jam - Marmalade, Orange",Thoughtstorm
Sour Puss - Tangerine,Bubblebox
"Pepper - Chipotle, Canned",Skipstorm
Cranberries - Frozen,Eidel
Dates,Wikibox
Wine - Semi Dry Riesling Vineland,Demivee
Paper Towel Touchless,Zoozzy
"Chestnuts - Whole,canned",Einti
Pate - Liver,Reallinks
"Wine - White, Pinot Grigio",Gabcube
Juice - Mango,Zoombox
Beef - Tenderloin Tails,Kaymbo
Sauce - Hp,Mita
Kellogs All Bran Bars,Rhynoodle
Dome Lid Clear P92008h,Meembee
Sauce - Ranch Dressing,Eabox
Chips - Potato Jalapeno,Leenti
Potatoes - Parissienne,Voonyx
Pastry - Chocolate Chip Muffin,Browsebug
Coffee - French Vanilla Frothy,Riffpedia
Grapefruit - White,Fivebridge
Energy - Boo - Koo,Eare
Mcgillicuddy Vanilla Schnap,Skinte
Sprouts - Pea,Feedfish
"Wine - Cahors Ac 2000, Clos",Trudeo
General Purpose Trigger,Mymm
Egg Patty Fried,Dynabox
Table Cloth 54x54 White,Eayo
Bandage - Flexible Neon,Yoveo
Lettuce - Radicchio,Avaveo
Bread - Petit Baguette,Skynoodle
Coffee Cup 16oz Foam,Meejo
"Jam - Blackberry, 20 Ml Jar",Thoughtbridge
Oysters - Smoked,Shuffletag
Longos - Lasagna Beef,Zoomcast
The Pop Shoppe - Root Beer,Dabshots
White Baguette,Thoughtbridge
Flour - Whole Wheat,Zoomzone
"Hickory Smoke, Liquid",Trudoo
"Veal - Round, Eye Of",Yotz
Wine - Casablanca Valley,Eare
Honey - Liquid,Dabjam
"Veal - Brisket, Provimi,bnls",Flipstorm
Instant Coffee,Miboo
Cheese - Asiago,Rhynoodle
"Fish - Artic Char, Cold Smoked",Photofeed
Flavouring - Orange,Voolia
Lettuce Romaine Chopped,Pixoboo
Wine - Magnotta - Belpaese,Oyoloo
Salmon Steak - Cohoe 6 Oz,Layo
"Flour - Corn, Fine",Realpoint
The Pop Shoppe - Grape,Fivechat
Cheese - Oka,Livepath
Sloe Gin - Mcguinness,Brainverse
Goulash Seasoning,Voonder
"Shrimp, Dried, Small / Lb",Rhynoodle
Mini - Vol Au Vents,Meezzy
"Juice - Apple, 341 Ml",Zooveo
Chervil - Fresh,Chatterbridge
Juice Peach Nectar,Quatz
"Potatoes - Yukon Gold, 80 Ct",Skibox
Wine - White Cab Sauv.on,Gigashots
Tobasco Sauce,Skibox
Pea - Snow,LiveZ
Mix - Cocktail Strawberry Daiquiri,Yakitri
Sauce - Roasted Red Pepper,Quinu
"Beef - Kindney, Whole",Realbuzz
Soup - Campbells Mac N Cheese,Livetube
Star Fruit,Feednation
Brandy - Bar,Reallinks
Pastry - Apple Muffins - Mini,Browsebug
"Chilli Paste, Ginger Garlic",Gabvine
The Pop Shoppe - Black Cherry,Skibox
Crab - Imitation Flakes,Avavee
Beer - Moosehead,Midel
"Wine - White, Riesling, Semi - Dry",Demivee
"Wine - White, Ej Gallo",Skiptube
Truffle - Peelings,Yata
Eggplant - Regular,Rhyzio
Schnappes Peppermint - Walker,Wordware
"Sprite, Diet - 355ml",Brightdog
Taro Root,Quaxo
Spice - Chili Powder Mexican,Ailane
Cookie Double Choco,Roodel
Icecream - Dstk Super Cone,Voonder
"Tomatoes - Diced, Canned",Vitz
Remy Red Berry Infusion,Edgepulse
"Marjoram - Dried, Rubbed",Innojam
Greens Mustard,Eare
Ice Cream Bar - Rolo Cone,Dynava
Icecream Bar - Del Monte,Skilith
"Syrup - Monin, Swiss Choclate",Skynoodle
Milk - Homo,Eayo
Sesame Seed,Kimia
Bay Leaf Fresh,Meeveo
Beef Cheek Fresh,Buzzbean
"Orange - Canned, Mandarin",Realmix
Beef Flat Iron Steak,Meezzy
Oil - Cooking Spray,Quire
"Pepper - Green, Chili",Photobean
Sprite - 355 Ml,Fivespan
"Lettuce - Mini Greens, Whole",Youbridge
"Wine - Red, Mouton Cadet",Tagchat
Cookie Double Choco,Wikibox
Soup - Cream Of Potato / Leek,Centizu
Cheese - Provolone,Centidel
Bread - Sour Batard,Jaxnation
Crab - Imitation Flakes,Snaptags
"Pasta - Bauletti, Chicken White",Skalith
Daikon Radish,Fiveclub
"Cheese - Romano, Grated",Blogtag
Cake - Sheet Strawberry,Kazu
Soup - Campbells Chicken,Cogidoo
Corn - Mini,Livetube
Bouq All Italian - Primerba,Vipe
Oneshot Automatic Soap System,Youspan
Bag Stand,Dynava
"Liqueur Banana, Ramazzotti",Feedfire
Bread Ww Cluster,Trilia
Paper Cocktail Umberlla 80 - 180,Kanoodle
Soup Campbells Mexicali Tortilla,Roodel
Lettuce - Sea / Sea Asparagus,Tavu
Wine - Zinfandel California 2002,Twimm
Pastry - Butterscotch Baked,Oyondu
Bread - Pita,Voomm
Cup - Translucent 7 Oz Clear,Izio
Beer - Original Organic Lager,Devpulse
V8 Pet,Vinte
Dried Apple,Realmix
Calvados - Boulard,Oozz
Cactus Pads,Mydeo
"Coffee - Colombian, Portioned",Skyble
Garlic - Elephant,Topiczoom
"Tarragon - Primerba, Paste",Flashpoint
Chickhen - Chicken Phyllo,Skyvu
The Pop Shoppe - Black Cherry,Abata
Latex Rubber Gloves Size 9,Mycat
"Pork - Chop, Frenched",Mudo
"Lamb - Leg, Diced",Feedbug
Wine - Fontanafredda Barolo,Twitterworks
Spinach - Packaged,Brainbox
Squid - U 5,Topdrive
Bacardi Limon,Trilia
"Wine - Sherry Dry Sack, William",Trilith
"Lid - 10,12,16 Oz",Abatz
"Lamb - Pieces, Diced",Photobean
"Wine - Mas Chicet Rose, Vintage",Yakitri
"Soup - Beef Conomme, Dry",Wikivu
"Lamb - Loin, Trimmed, Boneless",Plajo
Wine - Jackson Triggs Okonagan,Ainyx
Drambuie,Zoovu
Lettuce - Lambs Mash,Eayo
Bread - Corn Muffaleta Onion,Muxo
Walkers Special Old Whiskey,Zooxo
Cookie Double Choco,Aivee
Puree - Mango,Flashspan
Wine - Montecillo Rioja Crianza,Brainbox
"Pasta - Detalini, White, Fresh",Youtags
Longos - Lasagna Beef,Wordware
Wine - Marlbourough Sauv Blanc,Devify
"Juice - Pineapple, 48 Oz",Photofeed
Turkey - Oven Roast Breast,Quinu
Soup Campbells,Wikizz
"Pasta - Spaghetti, Dry",Kwideo
Goat - Whole Cut,Teklist
Veal - Liver,Myworks
Apricots - Halves,Vimbo
Cranberries - Fresh,Gigaclub
Rye Special Old,Bluejam
Squid - U 5,Jabbersphere
"Wine - Bourgogne 2002, La",Wordware
Pork - Suckling Pig,Tagfeed
Salt - Seasoned,Quamba
"Pork - Loin, Center Cut",Kwinu
Cookies - Englishbay Chochip,JumpXS
Pork - Smoked Kassler,Meemm
Vinegar - Champagne,Jetpulse
Wild Boar - Tenderloin,Skinix
"Wine - Red, Colio Cabernet",Edgetag
"Crush - Grape, 355 Ml",Oyoyo
Muffin Batt - Carrot Spice,Youbridge
Oil - Macadamia,Quamba
Pepper - Red Thai,Yacero
Tilapia - Fillets,Quamba
Table Cloth 90x90 Colour,Avavee
Mushroom - King Eryingii,Jabbersphere
"Halibut - Whole, Fresh",Blogpad
Tart - Butter Plain Squares,Kare
"Pepper - Green, Chili",Eadel
Momiji Oroshi Chili Sauce,Dablist
Dried Peach,Skalith
Soup - Campbells Beef Stew,Thoughtbridge
"Lemonade - Black Cherry, 591 Ml",Dynazzy
Cheese - Parmigiano Reggiano,Topicblab
Pectin,Shuffletag
Cheese Cloth,Tagfeed
Sausage - Andouille,Rhybox
"Lamb - Whole, Frozen",Voolith
"Trout - Hot Smkd, Dbl Fillet",Pixoboo
Cornish Hen,Dabjam
Taro Leaves,Zoozzy
Paper - Brown Paper Mini Cups,Eidel
Croissants Thaw And Serve,Wordify
"Yogurt - Banana, 175 Gr",Quatz
"Soup - Campbells, Spinach Crm",Skippad
"Beef - Tongue, Fresh",Trilith
Mousse - Banana Chocolate,Rhycero
Alize Red Passion,Meevee
Cookies Almond Hazelnut,Skiptube
Wine - Pinot Grigio Collavini,Jaxspan
Pickle - Dill,Gigazoom
Onions - Vidalia,Photobug
"Wine - Magnotta, Merlot Sr Vqa",Trilia
"Turnip - White, Organic",Meevee
Bar - Sweet And Salty Chocolate,Zooveo
Wasabi Paste,Shufflebeat
"Bread - Roll, Canadian Dinner",Realbuzz
Yeast Dry - Fermipan,Babbleblab
Pastry - Lemon Danish - Mini,Livetube
"Soup - Campbells, Butternut",Mycat
"Wine - White, Chardonnay",Skibox
Table Cloth 54x72 White,Skipfire
Oxtail - Cut,Rhycero
Crackers - Melba Toast,Tekfly
"Split Peas - Yellow, Dry",Trupe
Rice Paper,Realmix
Ginger - Crystalized,Yabox
Veal Inside - Provimi,Wikizz
Mortadella,Oyoba
Water - Perrier,Quinu
"Sauce - Bernaise, Mix",Mynte
Chip - Potato Dill Pickle,Youbridge
Tuna - Loin,Yodoo
"Doilies - 7, Paper",Linklinks
Aromat Spice / Seasoning,Fiveclub
"Wine - Mas Chicet Rose, Vintage",Flipopia
Savory,BlogXS
Wasabi Powder,Realblab
Muffin Mix - Morning Glory,Twinder
Maple Syrup,Jabberbean
Turkey Tenderloin Frozen,Rhyloo
Tea - Decaf Lipton,Mynte
Guava,Fiveclub
